title,tema,dificuldade,definicao,fisiopatologia,fatores_risco,sinais_sintomas,diagnostico,conduta,tratamento,medicacoes_doses,diagnosticos_diferenciais,nivel_risco,palavras_chave_clinicas,conduta_emergencia,sinais_gravidade,criterios_internacao,criterios_uti,erros_comuns,pegadinhas,dica_tep,resumo,fluxograma,algoritmo,tabela_resumo,score_clinico,checklist,mini_aula,fontes,flashcards,simulado,favorito,acertos,erros,nivel_dominio,ultima_revisao,proxima_revisao
Dengue pediátrica,Infectologia,5,"Doença febril aguda, sistêmica e dinâmica por DENV, com risco de extravasamento plasmático, choque, sangramento grave e disfunção orgânica. Em criança, sinais podem ser inespecíficos.

Complemento Bloco 2: dengue é arbovirose por flavivírus transmitida por Aedes, com fase febril, fase crítica de extravasamento plasmático e recuperação. Em pediatria, a decisão central é classificar risco por sinais de alarme, hidratação e seguimento, porque a piora pode ocorrer quando a febre começa a ceder.","A fase crítica costuma ocorrer na defervescência, quando aumento de permeabilidade capilar pode gerar hemoconcentração, derrames, choque e piora rápida.

Conteúdo incorporado de Dengue: A resposta inflamatória pode aumentar a permeabilidade capilar na fase crítica, especialmente na defervescência, levando a hemoconcentração, derrames, choque e sangramento.","Lactentes, prematuros, imunossuprimidos, comorbidades, vulnerabilidade social, atraso vacinal e dificuldade de acesso a reavaliação.","Febre, cefaleia, mialgia, dor retro-orbitária, exantema, náuseas, vômitos, dor abdominal, prostração. Crianças podem ter irritabilidade, sonolência, recusa alimentar e desidratação.","Clínico-epidemiológico com hemograma seriado conforme grupo, NS1/RT-PCR no início ou sorologia após janela. Classificar em grupos A-D pelo MS.

Suspeitar em febre aguda com cefaleia, mialgia, dor retro-orbitária, exantema, náuseas/vômitos, dor abdominal, prova do laço positiva ou contexto epidemiológico. Hemograma seriado ajuda: leucopenia, plaquetopenia e hematócrito em ascensão sugerem extravasamento. Testes: NS1/RT-PCR nos primeiros dias; sorologia IgM após janela adequada.

Conteúdo incorporado de Dengue: Diagnóstico clínico-epidemiológico com apoio de NS1/RT-PCR no início ou sorologia após janela. Hemograma seriado e classificação por sinais de alarme orientam conduta.","Classificar grupo, hidratar conforme risco, orientar sinais de alarme e retorno. Grupo B requer hemograma; grupos C/D requerem hidratação venosa, monitorização e reavaliação frequente.

PA: classificar grupos A/B/C/D conforme MS, procurar sinais de alarme, pesar, calcular hidratação, orientar retorno e cartão de acompanhamento. Enfermaria: sinais de alarme, vômitos persistentes, dor abdominal, letargia, hepatomegalia, sangramento ou risco social. UTI: choque, desconforto respiratório por extravasamento, sangramento grave ou disfunção orgânica.

Conteúdo incorporado de Dengue: Classificar o paciente em grupo clínico, avaliar hidratação/perfusão, pesquisar sinais de alarme, hidratar conforme gravidade, evitar AAS/AINEs e programar reavaliação.","Não há antiviral específico. Hidratação é o tratamento central. Usar antitérmicos seguros e evitar AAS/AINEs. Corrigir choque e monitorar hematócrito/plaquetas/diurese.

Não há antiviral. Hidratação é tratamento principal. Evitar AAS e AINEs. Antitérmico/analgesia seguro, reavaliação seriada e manejo de choque com cristaloide conforme grupo de risco. Hemoderivados apenas em sangramento grave/indicação clínica, não por plaqueta isolada.

Conteúdo incorporado de Dengue: Hidratação oral ou venosa conforme grupo, antitérmico/analgesia segura, monitorização de hematócrito, plaquetas, perfusão e diurese. Não há antiviral específico.","Paracetamol 10-15 mg/kg/dose VO a cada 6 horas se necessário. Dipirona 10-15 mg/kg/dose se adotada. Hidratação oral ou venosa conforme grupo MS. Evitar AAS, ibuprofeno e outros AINEs.

Paracetamol 10-15 mg/kg/dose a cada 4-6h, respeitando dose máxima diária; dipirona 10-15 mg/kg/dose se permitida. Hidratação oral conforme peso e grupo; nos grupos C/D usar expansão com cristaloide conforme protocolo MS, com reavaliação frequente de perfusão, hematócrito e diurese.","Chikungunya, zika, influenza, covid-19, meningococcemia, leptospirose, sepse, malária, febre amarela, mononucleose e Kawasaki/MIS-C.

Conteúdo incorporado de Dengue: Chikungunya, zika, influenza, covid-19, meningite, sepse, leptospirose, ITU, apendicite, púrpuras e febre maculosa.",Alto,"dengue, sinais de alarme, grupo a, grupo b, grupo c, grupo d, hematocrito, plaquetas, choque","Dor abdominal intensa, vômitos persistentes, hipotensão postural, letargia, hepatomegalia, sangramento de mucosa, desconforto respiratório ou choque: hidratação venosa imediata e monitorização.

Conteúdo incorporado de Dengue: Sinais de alarme ou choque: acesso venoso, cristaloide conforme protocolo, hemograma/hematócrito, monitorização de PA, perfusão e diurese, internação e reclassificação frequente.","Choque, extremidades frias, pulso fino, hipotensão, sangramento grave, alteração de consciência, desconforto respiratório, hepatite grave, miocardite ou encefalite.","Sinais de alarme, grupo C/D, comorbidades descompensadas, lactente pequeno, risco social, sangramento, hemoconcentração progressiva ou impossibilidade de retorno.

Sinais de alarme, grupo B com risco/plaquetopenia importante conforme protocolo, vômitos persistentes, dor abdominal, sangramento, desidratação, lactente pequeno, comorbidade, gestante adolescente, vulnerabilidade social ou impossibilidade de retorno.","Choque persistente, necessidade de reposição volêmica intensiva, sangramento grave, insuficiência respiratória, encefalopatia ou disfunção orgânica.

Choque, hipotensão, extremidades frias/TEC prolongado, pulso fino, sangramento grave, desconforto respiratório, derrame/ascite com repercussão, alteração mental, hepatite grave, miocardite ou falência orgânica.

Conteúdo incorporado de Dengue: Choque, sangramento grave, desconforto respiratório por extravasamento, rebaixamento, disfunção orgânica, necessidade de reposição volêmica intensiva ou monitorização contínua.","Tratar sem classificar gravidade, não registrar sinais vitais completos, ignorar idade de risco, atrasar terapia tempo-dependente, não orientar retorno e não conferir dose por peso.","A banca costuma cobrar o detalhe que muda conduta: idade, sinal de alarme, contraindicação, fluxo legal ou dose por kg.

Plaqueta baixa isolada não indica transfusão. A fase crítica pode começar na defervescência. Ibuprofeno/AAS são armadilhas clássicas. Dor abdominal persistente e vômitos repetidos mudam grupo.","Classifique gravidade antes de decorar tratamento; isso define local, urgência, exames e dose.",Dengue se decide por grupo clínico. A piora na queda da febre é o momento que a prova mais cobra.,"Suspeita -> sinais de alarme? -> hemograma quando indicado -> grupo A/B/C/D -> hidratação proporcional -> reavaliar hematócrito, perfusão e diurese.

Febre em área de dengue -> sinais de alarme? -> não: grupo A/B e hidratação/retorno -> sim: grupo C, EV/labs/internar -> choque ou sangramento grave: grupo D, expansão urgente/UTI.

Conteúdo incorporado de Dengue: Suspeita de dengue -> avaliar sinais de alarme/perfusão -> classificar grupo -> hidratar conforme risco -> reavaliar hematócrito, plaquetas, diurese e perfusão.",1. PA/perfusão. 2. Sinais de alarme. 3. Hemograma se indicado. 4. Hidratação. 5. Reclassificar. 6. Alta só com orientação e retorno.,"Grupo|Perfil|Conduta
A|Sem sangramento/alarme/comorbidade|Hidratação oral e retorno
B|Sangramento pele/prova do laço/comorbidade/risco|Hemograma, hidratação e observação
C|Sinais de alarme|Hidratação venosa e internação
D|Choque/sangramento grave/órgão|Emergência, expansão e UTI

Grupo|Pista|Conduta
A|Sem alarme/risco|Hidratação oral + retorno
B|Com risco ou sangramento/plaqueta conforme protocolo|Observação/labs
C|Sinais de alarme|Hidratação venosa e internação
D|Choque/sangramento grave|Emergência/UTI","chart|Febre|80
chart|Dor abdominal/vômitos|85
chart|Hemoconcentração|75
chart|Choque|100","Dia da doença | Defervescência | PA e pulso | TEC | Dor abdominal | Vômitos | Sangramento | Ht/plaquetas | Diurese | Grupo MS | Retorno

Conteúdo incorporado de Dengue: Dia da doença | Defervescência | PA/pulso | Perfusão | Dor abdominal | Vômitos | Sangramento | Ht/plaquetas | Diurese | Hidratação | Retorno","Não trate dengue como virose comum. O centro da decisão é reconhecer extravasamento e choque compensado antes da hipotensão.

Complemento bibliográfico: conteúdo revisado à luz do Nelson/Tratado SBP e documentos SBP/MS priorizados para TEP; manter foco em idade, gravidade, exceções, doses por peso, critérios de internação/UTI e pegadinhas de prova.

Complemento Bloco 2: dengue é menos “qual exame confirma” e mais “qual grupo e quanta hidratação”. A prova premia quem pesa a criança, procura alarme e agenda reavaliação.","Tratado de Pediatria SBP 6ª edição. docx: : Base local analisada: pediatria geral, crescimento, DNPM, imunizações, neonatologia, icterícia, suplementação, telas e temas estratégicos para TEP. | Livro Nelson. docx: : Base local analisada: panorama da pediatria, desenvolvimento, comportamento, nutrição, fluidoterapia, farmacologia e segurança da prescrição pediátrica. | SBP - Questões comentadas TEP: : Usado para orientar estilo de cobrança, pegadinhas e forma de raciocínio, sem reprodução literal de questões.: :https://www.sbp.com.br/concursos-de-titulos/questoes-comentadas/ | Ministério da Saúde - Dengue: diagnóstico e manejo clínico 2024: : Base para grupos A-D, sinais de alarme, hidratação e critérios de gravidade.: :https://www.gov.br/saude/pt-br/centrais-de-conteudo/publicacoes/svsa/dengue/dengue-diagnostico-e-manejo-clinico-adulto-e-crianca/view

Sociedade Brasileira de Pediatria - documentos científicos e materiais de atualização: https://www.sbp.com.br/ | Ministério da Saúde - Bronquiolite: https://www.gov.br/saude/pt-br/assuntos/saude-de-a-a-z/b/bronquiolite | Ministério da Saúde - Dengue diagnóstico e manejo clínico 2024: https://www.gov.br/saude/pt-br/centrais-de-conteudo/publicacoes/svsa/dengue/dengue-diagnostico-e-manejo-clinico-adulto-e-crianca/view | Ministério da Saúde - Guia de Vigilância em Saúde/Coqueluche | Ministério da Saúde - PCDT HIV em crianças 2024 | PNI/Ministério da Saúde - calendário nacional de vacinação 2026 | GINA - Global Strategy for Asthma Management and Prevention 2025/2026 para diferenciais de sibilância","Qual é a ideia central em Dengue pediátrica?::Dengue pediátrica é manejo de risco: classificar, hidratar, evitar AINEs e vigiar fase crítica.|Qual sinal de gravidade exige atenção?::Dor abdominal intensa.|Qual erro comum deve ser evitado?::Usar AINE/AAS.|Qual é a principal pegadinha TEP?::A piora costuma vir quando a febre baixa. Plaqueta baixa assusta, mas choque por extravasamento e hematócrito subindo são centrais.|Quando internar?::Sinais de alarme, grupo de risco sem seguimento seguro, desidratação, sangramento relevante, plaquetopenia importante com sintomas, comorbidade ou dificuldade de hidratação oral.|Quando considerar UTI?::Choque, sangramento grave, desconforto respiratório por extravasamento, disfunção orgânica, rebaixamento, necessidade de reposição volumétrica intensiva.|Qual conduta de emergência?::Se sinais de alarme ou choque: acesso EV, cristaloide conforme protocolo, hemograma/hematócrito, monitorar PA/diurese/perfusão, reavaliar após cada etapa e internar.|Qual checklist mental?::Dia de doença | Sinais alarme | PA/perfusão | Ht/plaquetas | Diurese | Hidratação | Sem AINE/AAS | Retorno na defervescência

Conteúdo incorporado de Dengue: Qual sinal de alarme clássico na dengue?::Dor abdominal intensa, vômitos persistentes, letargia/irritabilidade, sangramento de mucosa, hepatomegalia, hipotensão postural ou queda de perfusão sugerem maior risco.|Qual é a principal conduta?::Classificar por gravidade, hidratar conforme grupo clínico, evitar AAS/AINEs e reavaliar na fase crítica, especialmente na queda da febre.|Quando considerar UTI?::Choque, sangramento grave, desconforto respiratório por extravasamento, rebaixamento ou disfunção orgânica.","Escolar no 5º dia de febre por dengue começa com dor abdominal intensa, vômitos persistentes e letargia. Plaquetas caíram e hematócrito subiu. Qual conduta?
A) Alta porque a febre está baixando
B) Internar, hidratar conforme protocolo e monitorar choque
C) Ibuprofeno para dor
D) Antibiótico obrigatório
Resposta correta: B
Explicação: Sinais de alarme ocorrem frequentemente na defervescência e exigem hidratação/monitorização.

Conteúdo incorporado de Dengue: Criança com suspeita de dengue no 4º dia de doença apresenta dor abdominal intensa, vômitos persistentes e extremidades frias. Qual é a melhor conduta inicial?
A) Alta com antitérmico e retorno se febre persistir por 7 dias
B) Ibuprofeno de horário e observação domiciliar
C) Classificar como dengue com sinal de alarme/grave conforme perfusão, iniciar hidratação venosa e monitorização
D) Aguardar plaquetas ficarem abaixo de 50.000 para intervir
Resposta correta: C
Explicação: Dor abdominal intensa, vômitos persistentes e sinais de má perfusão indicam risco de extravasamento/choque. A conduta é reclassificar gravidade, hidratar e monitorar, sem AAS/AINEs.",false,0,0,0,,
Obesidade pediátrica,Ambulatorial,4,"Doença crônica multifatorial definida por IMC por idade/sexo, associada a risco cardiometabólico, psicossocial, ortopédico e hepático.

Complemento Bloco 5: doença crônica multifatorial definida por IMC por idade/sexo elevado, associada a risco cardiometabólico, ortopédico, hepático, respiratório e psicossocial; exige cuidado longitudinal sem estigma.","Interação entre genética, ambiente alimentar, sono, atividade, medicamentos, saúde mental e determinantes sociais leva a balanço energético positivo e inflamação metabólica.

Conteúdo incorporado de Obesidade infantil: Excesso adiposo associa-se a resistência insulínica, inflamação crônica, esteatose, HAS e risco psicossocial.","História familiar, obesidade parental, insegurança alimentar, ultraprocessados, bebidas açucaradas, sedentarismo, sono curto, trauma, medicamentos, endocrinopatias raras.

Conteúdo incorporado de Obesidade infantil: Idade de risco; prematuridade; doença crônica; imunossupressão; vacinação incompleta; exposição epidemiológica; atraso diagnóstico; vulnerabilidade social.","IMC elevado, acantose, hipertensão, ronco/apneia, dor articular, puberdade alterada, esteatose, baixa autoestima, ansiedade/depressão.

Conteúdo incorporado de Obesidade infantil: Variam conforme tema. Avaliar sempre febre, estado geral, respiração, hidratação, perfusão, dor, consciência, alimentação, diurese e sinais de alarme.","IMC por percentil/score z; avaliar PA, história familiar, sono, alimentação, atividade, saúde mental e exames para comorbidades conforme idade/gravidade.

IMC em curva adequada, PA, história familiar, sono, alimentação, atividade, telas, medicamentos, saúde mental e determinantes sociais. Investigar comorbidades: dislipidemia, glicemia/HbA1c, TGP/esteatose, apneia do sono, SOP e hipertensão conforme idade/risco.

Conteúdo incorporado de Obesidade infantil: IMC em curva, PA, circunferência abdominal, glicemia/HbA1c, perfil lipídico, ALT/AST, avaliação sono e saúde mental.","Abordagem sem estigma, centrada na família. Tratamento intensivo de estilo de vida, metas realistas, sono, alimentação, atividade e comorbidades. Não usar espera passiva.

Entrevista motivacional, metas familiares, sono, redução de ultraprocessados/bebidas açucaradas, atividade diária, manejo de tela e acompanhamento frequente. Tratar comorbidades e encaminhar equipe multiprofissional; não usar “esperar crescer”.

Conteúdo incorporado de Obesidade infantil: Abordagem familiar sem estigma, metas realistas, alimentação, atividade física, sono, tela e suporte psicológico.","Intervenção comportamental intensiva; farmacoterapia em adolescentes selecionados; cirurgia bariátrica em obesidade grave selecionada conforme guideline e equipe especializada.

Entrevista motivacional, metas familiares, sono, redução de ultraprocessados/bebidas açucaradas, atividade diária, manejo de tela e acompanhamento frequente. Tratar comorbidades e encaminhar equipe multiprofissional; não usar “esperar crescer”.

Conteúdo incorporado de Obesidade infantil: Mudança intensiva de estilo de vida; tratar comorbidades; farmacoterapia/cirurgia apenas em casos específicos e especializados.","Medicamentos antiobesidade dependem de idade/indicação e especialista. Evitar prescrição casual. Tratar comorbidades como HAS, dislipidemia, DM2 e esteatose conforme protocolos.

Base é intervenção intensiva em estilo de vida. Farmacoterapia e cirurgia bariátrica são para adolescentes selecionados, por especialista e critérios estritos. Não prescrever anorexígeno/suplemento sem indicação formal.

Conteúdo incorporado de Obesidade infantil: Não há dose medicamentosa de rotina. Se comorbidades, tratar conforme diagnóstico. Vitamina D/ferro apenas se deficiência.","Hipotireoidismo, Cushing, síndromes genéticas, deficiência de GH, medicamentos, edema/ascite, compulsão alimentar.

Conteúdo incorporado de Obesidade infantil: Endocrinopatia; síndrome genética; uso corticoide; compulsão alimentar; hipotireoidismo; Cushing.",Moderado/Alto,"obesidade, imc, percentil, acantose, esteatose, hipertensao, sono, atividade, ultraprocessados

Conteúdo incorporado de Obesidade infantil: obesidade, imc, acantose, resistencia insulinica, has, esteatose, hba1c","Cefaleia com hipertensão grave, dispneia/hipoventilação, DM descompensado, ideação suicida ou dor abdominal intensa exigem avaliação urgente.

Se grave: ABCDE, sinais vitais, glicemia quando aplicável, acesso, suporte específico do protocolo e acionar especialista/UTI sem atrasar terapia tempo-dependente.

Conteúdo incorporado de Obesidade infantil: Se houver sinal de gravidade: ABCDE, monitorização, oxigênio se necessário, acesso venoso se instável, exames urgentes, tratamento específico e encaminhamento/internação.","Obesidade grave, HAS, apneia, DM2, esteatose avançada, pseudotumor cerebral, depressão grave, limitação funcional.

Conteúdo incorporado de Obesidade infantil: Alteração de consciência; hipoxemia; dispneia; tiragem; cianose; choque; oligúria; convulsão; rigidez nucal; petéquias; dor intensa; desidratação; piora progressiva.","Complicações agudas, hipertensão grave, descompensação metabólica, risco psiquiátrico, investigação de síndrome rara com instabilidade.

Complicação aguda: hipertensão grave, diabetes descompensado, apneia grave, esteato-hepatite grave, sofrimento psíquico com risco ou comorbidade aguda.

Conteúdo incorporado de Obesidade infantil: Sinais de gravidade; necessidade de oxigênio, medicação EV, hidratação EV, antibiótico EV, monitorização, suporte ventilatório, investigação urgente ou risco social.","Hipoventilação grave, insuficiência respiratória, crise hipertensiva com órgão-alvo, cetoacidose/estado hiperosmolar.

Crise hipertensiva, insuficiência respiratória/hipoventilação grave, CAD/estado hiperosmolar, arritmia ou choque.

Conteúdo incorporado de Obesidade infantil: Insuficiência respiratória, síndrome de hipoventilação grave, complicação metabólica aguda, hipertensão grave com lesão de órgão-alvo ou instabilidade clínica.","Culpar paciente, dizer para “fechar a boca”, não calcular IMC, não rastrear comorbidades, esperar sem intervenção.

Conteúdo incorporado de Obesidade infantil: Não calcular dose por peso; não reconhecer gravidade; atrasar antibiótico/oxigênio/hidratação; solicitar exame sem impacto; não reavaliar resposta.","Obesidade é doença crônica; abordagem estigmatizante piora adesão. Endocrinopatia geralmente cursa com baixa velocidade de crescimento.

Obesidade não é “falta de vergonha”. IMC isolado não mede comorbidade. Criança com obesidade e baixa estatura/queda de crescimento pede causa endócrina/genética.

Conteúdo incorporado de Obesidade infantil: TEP costuma cobrar sinais de gravidade, diferenciais, indicação de exames e conduta inicial. Não tratar achado isolado sem contexto clínico.","IMC deve ser plotado; obesidade com baixa estatura/velocidade baixa sugere causa endócrina.

Conteúdo incorporado de Obesidade infantil: Pense sempre: idade, gravidade, exame que confirma, conduta inicial e pegadinha clássica.","Obesidade pediátrica exige diagnóstico por IMC, rastreio de comorbidades e cuidado familiar intensivo sem estigma.

Conteúdo incorporado de Obesidade infantil: Doença crônica multifatorial definida por IMC por idade/sexo elevado. A prioridade é reconhecer gravidade, confirmar diagnóstico com exames adequados e iniciar conduta proporcional ao risco.","IMC elevado -> classificar -> comorbidades -> intervenção familiar intensiva -> especialista/fármaco/cirurgia se grave.

IMC elevado -> comorbidades + contexto familiar -> metas pactuadas -> retorno frequente -> falha/obesidade grave? equipe/especialista.

Conteúdo incorporado de Obesidade infantil: Suspeita clínica
↓
Avaliar ABCDE e gravidade
↓
Solicitar exames dirigidos
↓
Classificar risco
↓
Iniciar tratamento específico
↓
Reavaliar resposta
↓
Internar/encaminhar se sinais de gravidade","1. IMC. 2. PA. 3. Comorbidades. 4. Família/ambiente. 5. Plano intensivo. 6. Seguimento.

1. Classificar gravidade. 2. Confirmar critérios diagnósticos. 3. Checar dose por peso quando houver medicação. 4. Decidir ambulatório/enfermaria/UTI. 5. Orientar retorno e seguimento.

Conteúdo incorporado de Obesidade infantil: 1. Identificar hipótese principal.
2. Procurar sinais de gravidade.
3. Solicitar exames que mudam conduta.
4. Tratar por peso/protocolo.
5. Reavaliar e escalar cuidado.","Rastrear: PA, glicose/HbA1c, lipídios, ALT, sono, saúde mental. Tratamento: intensivo e longitudinal.

Eixo|O que avaliar|Ação
IMC|Curva por idade|Classificar
PA|Manguito correto|Confirmar/seguir
Metabólico|HbA1c/lipídios/TGP|Tratar risco
Sono|Ronco/apneia|Investigar
Psicossocial|Bullying/compulsão|Cuidado sem estigma

Conteúdo incorporado de Obesidade infantil: Leve: bom estado geral e sem sinais sistêmicos.
Moderado: precisa exames, observação ou tratamento específico.
Grave: hipoxemia, choque, alteração neurológica, desidratação, falha terapêutica ou risco de complicação.","IMC por percentil/score z; estágio de obesidade e comorbidades guiam intensidade.

Conteúdo incorporado de Obesidade infantil: Usar parâmetros específicos quando aplicável: SatO2, FR por idade, PRAM, Glasgow, Tanner, IMC por idade, curvas de crescimento, exames laboratoriais e critérios clínicos.","IMC | PA | Acantose | Sono | Alimentação | Atividade | ALT | Lipídios | Glicose | Saúde mental

Idade | Peso | Sinais vitais | Gravidade | Diagnóstico diferencial | Dose por kg | Critério internação | Critério UTI | Orientação de retorno | Seguimento

Conteúdo incorporado de Obesidade infantil: ☑ ABCDE
☑ Sinais vitais
☑ SatO2 quando respiratório
☑ Hidratação/perfusão
☑ Exames dirigidos
☑ Dose por peso
☑ Critérios de internação
☑ Reavaliação","A mudança de abordagem é tratar obesidade como doença crônica, não como falha moral. Isso muda linguagem, metas e adesão.

Complemento bibliográfico: conteúdo revisado à luz do Nelson/Tratado SBP e documentos SBP/MS priorizados para TEP; manter foco em idade, gravidade, exceções, doses por peso, critérios de internação/UTI e pegadinhas de prova.

Complemento Bloco 5: este tema deve ser estudado como decisão prática: reconhecer a apresentação típica, achar o detalhe que muda gravidade, calcular dose quando existir e saber quando o ambulatório deixou de ser seguro.

Conteúdo incorporado de Obesidade infantil: Obesidade infantil deve ser estudado como protocolo clínico, não apenas como conceito. O raciocínio começa pela gravidade, passa pela confirmação diagnóstica e termina na conduta com dose por peso, reavaliação e critérios de internação.

Complemento bibliográfico: conteúdo revisado à luz do Nelson/Tratado SBP e documentos SBP/MS priorizados para TEP; manter foco em idade, gravidade, exceções, doses por peso, critérios de internação/UTI e pegadinhas de prova.","Tratado de Pediatria SBP 6ª edição. docx: : Base local analisada: pediatria geral, crescimento, DNPM, imunizações, neonatologia, icterícia, suplementação, telas e temas estratégicos para TEP. | Livro Nelson. docx: : Base local analisada: panorama da pediatria, desenvolvimento, comportamento, nutrição, fluidoterapia, farmacologia e segurança da prescrição pediátrica. | SBP - Questões comentadas TEP: : Usado para orientar estilo de cobrança, pegadinhas e forma de raciocínio, sem reprodução literal de questões.: :https://www.sbp.com.br/concursos-de-titulos/questoes-comentadas/ | Ministério da Saúde - Caderneta da Criança: : Base para puericultura, crescimento, desenvolvimento, vigilância e orientação familiar.: :https://www.gov.br/saude/pt-br/assuntos/saude-de-a-a-z/s/saude-da-crianca/caderneta

SBP - materiais científicos e questões comentadas TEP: https://www.sbp.com.br/concursos-de-titulos/questoes-comentadas/ | Ministério da Saúde - Caderneta da Criança: https://www.gov.br/saude/pt-br/assuntos/saude-de-a-a-z/s/saude-da-crianca/caderneta | AHA Kawasaki Scientific Statement: https://www.ahajournals.org/doi/10.1161/CIR.0000000000000484 | KDIGO Glomerular Diseases Guidelines: https://kdigo.org/guidelines/gd/ | ISPAD Pediatric Diabetes Guidelines: https://www.ispad.org/ | AAP Autism Clinical Report: https://publications.aap.org/pediatrics/article/145/1/e20193447/36917/Identification-Evaluation-and-Management-of | AAP Obesity Clinical Practice Guideline 2023 | NASPGHAN/ESPGHAN Constipation Guideline | WHO Breastfeeding and Infant Feeding Guidance","Qual é o conceito central?::Obesidade pediátrica exige diagnóstico por IMC, rastreio de comorbidades e cuidado familiar intensivo sem estigma.|Qual sinal de gravidade não pode ser perdido?::Obesidade grave.|Qual é a principal pegadinha TEP?::Obesidade é doença crônica; abordagem estigmatizante piora adesão. Endocrinopatia geralmente cursa com baixa velocidade de crescimento.|Qual erro comum deve ser evitado?::Culpar paciente.|Quando internar?::Complicações agudas, hipertensão grave, descompensação metabólica, risco psiquiátrico, investigação de síndrome rara com instabilidade.|Quando considerar UTI?::Hipoventilação grave, insuficiência respiratória, crise hipertensiva com órgão-alvo, cetoacidose/estado hiperosmolar.|Qual conduta de emergência?::Cefaleia com hipertensão grave, dispneia/hipoventilação, DM descompensado, ideação suicida ou dor abdominal intensa exigem avaliação urgente.|Qual checklist mental?::IMC | PA | Acantose | Sono | Alimentação | Atividade | ALT | Lipídios | Glicose | Saúde mental

Conteúdo incorporado de Obesidade infantil: Obesidade infantil: primeiro passo?::Avaliar gravidade e sinais de alarme.
O que define conduta?::Idade, gravidade, exames e resposta ao tratamento.","Obesidade pediátrica exige diagnóstico por IMC, rastreio de comorbidades e cuidado familiar intensivo sem estigma.

Qual é a melhor conduta inicial diante de um caso típico com sinais de gravidade?
A) Alta sem reavaliação
B) Conduta guiada por gravidade, conforme protocolo clínico
C) Tratar apenas sintomas e ignorar sinais de alarme
D) Aguardar piora para investigar
Resposta correta: B
Explicação: Em Obesidade pediátrica, a decisão segura depende de reconhecer o padrão clínico, classificar gravidade e aplicar a conduta adequada: Cefaleia com hipertensão grave, dispneia/hipoventilação, DM descompensado, ideação suicida ou dor abdominal intensa exigem avaliação urgente.

Conteúdo incorporado de Obesidade infantil: Paciente pediátrico apresenta quadro compatível com Obesidade infantil. Qual é a melhor abordagem inicial?
A) Alta imediata
B) Avaliar gravidade, solicitar exames dirigidos e tratar conforme protocolo
C) Aguardar evolução sem orientação
D) Tratar todos os casos igual. Resposta: B.
Resposta correta: B
Explicação: Em Obesidade infantil, a alternativa segura é avaliar gravidade, reconhecer sinais de alarme, solicitar exames dirigidos quando indicados e tratar conforme protocolo. Alta imediata, tratamento sem avaliação de gravidade ou espera passiva diante de sinais de risco são condutas inadequadas para prova e prática clínica.",false,0,0,0,,
RN com SDR,Neonatologia,5,"Síndrome do desconforto respiratório neonatal por deficiência primária ou relativa de surfactante, clássica do prematuro, com início nas primeiras horas de vida e tendência a piora progressiva se não houver suporte adequado.

Síndrome de desconforto respiratório neonatal, classicamente por deficiência de surfactante no prematuro, caracterizada por dificuldade de manter volume pulmonar ao fim da expiração, baixa complacência, atelectasias difusas e necessidade crescente de suporte respiratório nas primeiras horas de vida. No TEP, o tema não é só “vidro fosco”: é reconhecer prematuro em risco, iniciar CPAP precoce, titular oxigênio, evitar hipotermia/hipoglicemia e decidir quando surfactante/UTI neonatal entram.

Conteúdo incorporado de RN prematuro com SDR: Síndrome do desconforto respiratório do recém-nascido prematuro causada principalmente por deficiência de surfactante pulmonar. É uma das principais causas de insuficiência respiratória neonatal.","A deficiência de surfactante aumenta a tensão superficial alveolar, gera atelectasias difusas, baixa complacencia, hipoxemia, aumento do trabalho respiratorio e risco de fadiga. A prematuridade, diabetes materno, cesarea sem trabalho de parto e sexo masculino aumentam risco. O manejo moderno tenta evitar volutrauma/barotrauma com CPAP precoce, oxigênio titulado e surfactante seletivo.

Conteúdo incorporado de RN prematuro com SDR: A deficiência de surfactante leva ao colabamento alveolar, redução da complacência pulmonar, hipoxemia e aumento do trabalho respiratório. Prematuros extremos apresentam maior risco devido à imaturidade pulmonar.","Prematuridade, especialmente <34 semanas; ausencia de corticoide antenatal; diabetes materno; cesarea eletiva; sexo masculino; asfixia perinatal; gestacao multipla; historia previa de SDR.","Taquipneia, gemencia expiratoria, retracoes, batimento de asa nasal, cianose, necessidade crescente de oxigênio, queda de saturação, Silverman-Andersen elevado. Em prematuro extremo pode haver apneia e pouca expressao de esforco por fadiga.

Conteúdo incorporado de RN prematuro com SDR: Taquipneia; gemência; retrações; batimento de asa nasal; cianose; hipoxemia.","Diagnóstico clínico-radiologico. Avaliar idade gestacional, tempo de início, necessidade de O2/FiO2, gasometria se grave, glicemia, temperatura e infecção associada. RX clássico: baixo volume pulmonar, padrao reticulogranular/vidro fosco e broncogramas aereos. Ecografia pulmonar pode ajudar onde disponível.

Diagnóstico é clínico-radiológico e evolutivo: prematuridade, taquipneia, gemência, batimento de asa nasal, retrações, necessidade de O2/CPAP, gasometria com hipoxemia/acidose se grave, radiografia com baixo volume pulmonar, infiltrado reticulogranular/vidro fosco e broncogramas aéreos. Diferenciar de taquipneia transitória do RN, sepse/pneumonia, pneumotórax, cardiopatia congênita e hipertensão pulmonar. Usar Silverman-Andersen para graduar desconforto quando disponível.

Conteúdo incorporado de RN prematuro com SDR: Diagnóstico clínico e radiológico. Solicitar gasometria arterial, radiografia de tórax (padrão reticulogranular/bronco grama aéreo), oximetria contínua e avaliação infecciosa conforme contexto.","Manter normotermia, via aérea posicionada, monitorização cardiorrespiratoria, oximetria com alvos neonatais, glicemia e acesso venoso se instável. Iniciar CPAP nasal precoce se desconforto moderado ou necessidade de O2. Evitar hiperóxia. Reavaliar trabalho respiratorio, FiO2, gasometria e perfusao. Acionar neonatologia/UTI neonatal se necessidade crescente de suporte.

PA/sala de parto: aquecer, monitorar FC/Sat pré-ductal, glicemia, posicionar via aérea, CPAP se respira com esforço e O2 titulado para alvo. Enfermaria/unidade neonatal: CPAP com pressão adequada, mínima FiO2 para alvo, gasometria se piora, RX, controle térmico/metabólico e investigação de sepse se risco. UTI: FiO2 crescente, apneia, acidose, falha de CPAP, necessidade de surfactante ou ventilação.

Conteúdo incorporado de RN prematuro com SDR: ABCDE neonatal, controle térmico rigoroso, monitorização contínua, CPAP precoce em sala/neonatal, considerar surfactante se necessidade crescente de O2 ou falha do CPAP.","CPAP precoce, suporte térmico e nutricional, cafeina se apneia da prematuridade conforme protocolo, surfactante seletivo quando indicado e preferencialmente por tecnica menos invasiva se equipe treinada. Ventilação mecanica se falha do suporte não invasivo, apneia recorrente, acidose importante ou exaustao.

CPAP precoce é eixo inicial se respiração espontânea. Surfactante quando necessidade de O2/pressão sugere falha de CPAP ou deficiência de surfactante; preferir técnicas menos invasivas quando equipe treinada. Ventilação mecânica se apneia recorrente, exaustão, acidose grave ou falha de estratégia não invasiva. Cuidado gentil: normotermia, cafeína se apneia da prematuridade, leite humano e prevenção de infecção.

Conteúdo incorporado de RN prematuro com SDR: CPAP nasal precoce. Surfactante conforme protocolo neonatal. Oxigênio titulado por alvo de saturação. Cafeína em prematuros com apneia. Ajustar suporte conforme gasometria.","Surfactante conforme produto e protocolo local; poractante alfa costuma ser 200 mg/kg dose inicial, podendo repetir 100 mg/kg se necessario. Cafeina citrato: ataque 20 mg/kg, manutencao 5-10 mg/kg/dia. Oxigênio deve ser titulado por alvo de saturação neonatal, não por dose fixa. Confirmar peso, idade gestacional e protocolo institucional.

Surfactante conforme preparação disponível e protocolo neonatal; poractante alfa frequentemente 200 mg/kg inicial, podendo repetir conforme resposta. Cafeína citrato: ataque 20 mg/kg, manutenção 5-10 mg/kg/dia. Glicose EV se hipoglicemia conforme protocolo. Antibiótico apenas se risco/suspeita infecciosa, não por SDR isolada.

Conteúdo incorporado de RN prematuro com SDR: CPAP precoce. Surfactante conforme protocolo neonatal; considerar LISA quando disponível. Oxigênio titulado. ⚠️ Dose de surfactante, alvo de SatO2 e via dependem de produto, IG, peso e protocolo local.","Taquipneia transitoria do RN, pneumonia neonatal, sepse neonatal, aspiracao meconial, hipertensao pulmonar persistente, cardiopatia congenita cianótica, pneumotorax, malformacao pulmonar.",Alto,"RN, prematuro, sdr, gemencia, retracao, sat baixa, hipoxemia, vidro fosco, broncograma, cpap, surfactante, lisa

Conteúdo incorporado de RN prematuro com SDR: RN, prematuro, sdr, surfactante, cpap, lisa, gemencia, retracoes, vidro fosco, sat baixa, hipoxemia","ABCDE neonatal: aquecer, posicionar via aérea, monitorizar SatO2/FC, iniciar CPAP se respirando com esforco, titular O2, corrigir hipoglicemia/hipotermia, solicitar RX/gasometria conforme gravidade e chamar UTI neonatal se FiO2 crescente, apneia, acidose ou falha de CPAP.

ABCDE neonatal, fonte de calor, Sat pré-ductal, FC, glicemia, CPAP se esforço respiratório com respiração espontânea, VPP se apneia/FC <100, acesso se grave, RX/gasometria e contato com UTI neonatal.

Conteúdo incorporado de RN prematuro com SDR: Unidade neonatal; aquecer; CPAP se desconforto; monitorização; considerar surfactante se FiO2/esforço aumentam; avaliar sepse/cardiopatia se evolução atípica.","Apneia, gemencia persistente, cianose, SatO2 baixa apesar de O2/CPAP, FiO2 crescente, acidose respiratoria, exaustao, hipotensao, necessidade de surfactante ou ventilação invasiva.

Conteúdo incorporado de RN prematuro com SDR: Apneia; Sat baixa persistente; exaustão; acidose respiratória.","Todo RN com suspeita de SDR clinicamente relevante deve permanecer internado para monitorização, suporte respiratorio e investigação de diferenciais.

Todo RN com SDR deve permanecer em observação hospitalar/unidade neonatal. Internar em unidade com suporte neonatal se prematuro, necessidade de CPAP/O2, desconforto progressivo, hipoglicemia, hipotermia, acidose, suspeita de sepse ou dificuldade alimentar.

Conteúdo incorporado de RN prematuro com SDR: Necessidade de O2; esforço moderado/grave; prematuridade; falha de alimentação.","Prematuro com necessidade de CPAP, FiO2 crescente, surfactante, ventilação mecanica, apneia recorrente, acidose, instabilidade térmica/metabólica ou suspeita de sepse associada.

Necessidade de CPAP com FiO2 crescente, surfactante, ventilação mecânica, apneia recorrente, acidose respiratória/metabólica, instabilidade térmica/metabólica, pneumotórax, choque ou prematuridade importante.","Atrasar CPAP, oferecer oxigênio livre sem pressão distensora em SDR moderada/grave, confundir melhora com reducao de esforco por fadiga, não controlar temperatura, não investigar sepse quando quadro não e tipico.

Atrasar CPAP, hiperoxigenar sem alvo, subestimar hipotermia, esquecer glicemia, confundir SDR com TTN sem observar evolução, usar antibiótico para todo desconforto sem raciocínio de sepse.

Conteúdo incorporado de RN prematuro com SDR: Atrasar CPAP; confundir com TTN; não controlar temperatura.","TTN geralmente melhora em 24-72h e e mais comum em termo/cesarea; SDR do prematuro tende a piorar nas primeiras horas. Gemencia e uma tentativa de manter PEEP. RX pode demorar a ficar clássico no início.

TTN costuma ser de termo/cesárea e melhora; SDR do prematuro tende a piorar no início. Gemência é mecanismo de PEEP. Não espere RX perfeito para iniciar suporte. O erro de prova é dar oxigênio livre e atrasar CPAP/surfactante.

Conteúdo incorporado de RN prematuro com SDR: SDR é prematuro + piora progressiva; TTN costuma melhorar rápido. LISA = surfactante menos invasivo mantendo CPAP. Evitar atrasar suporte ventilatório.","TEP costuma cobrar prematuro + desconforto progressivo + RX em vidro fosco/broncogramas = SDR; conduta inicial e CPAP precoce, não antibiótico isolado.

Conteúdo incorporado de RN prematuro com SDR: TEP gosta de SDR em prematuro e da diferença com TTN.","Prematuro com desconforto progressivo nas primeiras horas: pensar SDR, aquecer, monitorar, CPAP precoce, O2 titulado e surfactante se falha/FiO2 crescente.

Conteúdo incorporado de RN prematuro com SDR: Prematuro + desconforto respiratório progressivo = pensar SDR.","Prematuro com desconforto -> avaliar FC/SatO2/temperatura/glicemia -> CPAP se respirando com esforco -> RX/gasometria se grave -> FiO2 crescente ou falha? -> surfactante/LISA se disponível -> falha/apneia/acidose? -> VM/UTI neonatal.

RN com desconforto -> aquecer/monitorar Sat e FC -> prematuro ou esforço importante? -> CPAP precoce -> avaliar FiO2/gasometria/RX -> falha ou FiO2 crescente? -> surfactante/UTI -> investigar diferenciais.

Conteúdo incorporado de RN prematuro com SDR: Prematuro → desconforto respiratório → CPAP precoce → avaliar FiO2/esforço → surfactante/LISA → VM se falha.","1. Reconhecer desconforto. 2. CPAP precoce se respiracao espontanea. 3. Titular O2 por alvo neonatal. 4. Reavaliar FiO2, Silverman e gasometria. 5. Surfactante se indicação. 6. Ventilar se falha.

Conteúdo incorporado de RN prematuro com SDR: Avaliar SatO2 e esforço → CPAP → necessidade crescente de O2? → surfactante → falha? → VM.","Achado-chave: prematuridade + desconforto progressivo. RX: vidro fosco/baixo volume/broncogramas. Tratamento: CPAP, surfactante seletivo, evitar hiperóxia. Gravidade: apneia, acidose, FiO2 crescente.

Achado|SDR neonatal|TTN|Sepse/pneumonia
Idade gestacional|Prematuro|Termo/tardio, cesárea|Qualquer, risco infeccioso
Evolução|Piora nas primeiras horas|Melhora em 24-72h|Variável, sistêmica
RX|Baixo volume, vidro fosco, broncograma|Hiperinsuflação, líquido fissural|Infiltrado focal/difuso
Conduta-chave|CPAP precoce +/- surfactante|Suporte e observação|Culturas + antibiótico se suspeita","Silverman-Andersen para desconforto respiratório neonatal; usar tendência e contexto, não isoladamente.","Confirmar IG e peso | Aquecer | Oximetria/FC | Glicemia | CPAP se indicado | RX se necessario | Avaliar sepse/diferenciais | Considerar surfactante | Definir UTI/transporte seguro

Conteúdo incorporado de RN prematuro com SDR: ☑ IG/peso ☑ Temperatura ☑ SatO2 ☑ Gemência/retrações ☑ CPAP precoce ☑ Considerar surfactante/LISA ☑ Glicemia ☑ Sepse diferencial","A SDR neonatal e uma doenca de volume pulmonar baixo por falta de surfactante. A intervencao que muda a historia inicial e manter alveolos abertos com CPAP precoce e evitar tanto hipoxemia quanto hiperóxia. Surfactante entra quando o CPAP não basta ou a necessidade de oxigênio sobe.

Complemento bibliográfico: conteúdo revisado à luz do Nelson/Tratado SBP e documentos SBP/MS priorizados para TEP; manter foco em idade, gravidade, exceções, doses por peso, critérios de internação/UTI e pegadinhas de prova.

Complemento Bloco 1: SDR é uma doença de fisiologia pulmonar e tempo. O prematuro perde volume alveolar, cansa rápido e piora se frio/hipoglicêmico. O raciocínio TEP é: suporte antes do exame bonito, oxigênio com alvo, CPAP cedo e surfactante quando a necessidade de suporte denuncia deficiência de surfactante.

Conteúdo incorporado de RN prematuro com SDR: O TEP cobra muito diferenciação entre SDR, TTN e sepse neonatal. SDR piora progressivamente nas primeiras horas e é muito associada à prematuridade.

Complemento bibliográfico: conteúdo revisado à luz do Nelson/Tratado SBP e documentos SBP/MS priorizados para TEP; manter foco em idade, gravidade, exceções, doses por peso, critérios de internação/UTI e pegadinhas de prova.","Tratado de Pediatria SBP 6ª edição. docx: : Base local analisada: pediatria geral, crescimento, DNPM, imunizações, neonatologia, icterícia, suplementação, telas e temas estratégicos para TEP. | Livro Nelson. docx: : Base local analisada: panorama da pediatria, desenvolvimento, comportamento, nutrição, fluidoterapia, farmacologia e segurança da prescrição pediátrica. | SBP - Questões comentadas TEP: : Usado para orientar estilo de cobrança, pegadinhas e forma de raciocínio, sem reprodução literal de questões.: :https://www.sbp.com.br/concursos-de-titulos/questoes-comentadas/ | SBP - Programa de Reanimação Neonatal: : Diretrizes e materiais do PRN-SBP para sala de parto, prematuro e cuidados pós-reanimação.: :https://www.sbp.com.br/reanimacao | SBP - Diretrizes de reanimação RN ≥34 semanas 2022: : Base para sequência de passos iniciais, VPP, compressões e medicações em sala de parto.: :https://www.sbp.com.br/fileadmin/user_upload/sbp/2022/junho/06/DiretrizesSBP-Reanimacao-RNigualMaior34semanas-MAIO2022a.pdf | SBP - Diretrizes de reanimação RN <34 semanas 2022: : Base para termorregulação, CPAP/VPP, oxigênio e particularidades do prematuro.: :https://www.sbp.com.br/fileadmin/user_upload/sbp/2022/junho/06/DiretrizesSBP-Reanimacao-RNmenor34semanas-MAIO2022a.pdf","Qual e o conceito central em RN com SDR?::Prematuro com desconforto progressivo nas primeiras horas: pensar SDR, aquecer, monitorar, CPAP precoce, O2 titulado e surfactante se falha/FiO2 crescente.|Qual sinal de gravidade nao pode ser perdido?::Apneia.|Qual e a principal pegadinha TEP?::TTN geralmente melhora em 24-72h e e mais comum em termo/cesarea; SDR do prematuro tende a piorar nas primeiras horas. Gemencia e uma tentativa de manter PEEP. RX pode demorar a ficar classico no inicio.|Qual conduta inicial em emergencia?::ABCDE neonatal: aquecer, posicionar via aerea, monitorizar SatO2/FC, iniciar CPAP se respirando com esforco, titular O2, corrigir hipoglicemia/hipotermia, solicitar RX/gasometria conforme gravidade e chamar UTI neonatal se FiO2 crescente, apneia, acidose ou falha de CPAP.|Quando considerar UTI?::Prematuro com necessidade de CPAP, FiO2 crescente, surfactante, ventilacao mecanica, apneia recorrente, acidose, instabilidade termica/metabolica ou suspeita de sepse associada.|Qual erro comum deve ser evitado?::Atrasar CPAP.|Qual diferencial importante?::Taquipneia transitoria do RN.|Qual checklist mental rapido?::Confirmar IG e peso | Aquecer | Oximetria/FC | Glicemia | CPAP se indicado | RX se necessario | Avaliar sepse/diferenciais | Considerar surfactante | Definir UTI/transporte seguro

Conteúdo incorporado de RN prematuro com SDR: Qual causa da SDR?::Deficiência de surfactante | SDR x TTN?::SDR piora progressivamente; TTN melhora rápido","Prematuro de 30 semanas evolui nas primeiras horas com gemencia, retracoes, SatO2 baixa e RX com baixo volume pulmonar, vidro fosco difuso e broncogramas aereos. Qual a melhor conduta inicial?
A) Antibiotico isolado e observacao
B) Oxigenio livre sem pressao positiva
C) CPAP nasal precoce, controle termico e avaliacao de surfactante se falha/FiO2 crescente
D) Alta apos melhora da cor
Resposta correta: C
Explicacao: O quadro e SDR neonatal. A conduta inicial e suporte com CPAP precoce, oxigenio titulado e reavaliacao para surfactante, alem de controle termico e avaliacao de diferenciais.

Conteúdo incorporado de RN prematuro com SDR: RN 30 semanas, gemência, retrações e Sat 86%. Melhor conduta inicial?
A) Oxigênio livre apenas
B) CPAP precoce
C) Alta
D) Antitérmico. Resposta: B.
Resposta correta: B
Explicação: Em RN prematuro com SDR, a alternativa segura é avaliar gravidade, reconhecer sinais de alarme, solicitar exames dirigidos quando indicados e tratar conforme protocolo. Alta imediata, tratamento sem avaliação de gravidade ou espera passiva diante de sinais de risco são condutas inadequadas para prova e prática clínica.",false,1,4,1,2026-05-15T01:15:05.697,2026-05-18T01:15:05.697
Diabetes mellitus tipo 1,Endocrinologia,4,"Doença autoimune com destruição de células beta pancreáticas, deficiência absoluta de insulina e necessidade de insulinoterapia contínua.

Complemento Bloco 3: doença autoimune por deficiência absoluta de insulina, com hiperglicemia crônica e risco de cetoacidose; em pediatria, o diagnóstico precoce evita que poliúria e perda ponderal virem choque metabólico.

Conteúdo incorporado de Diabetes tipo 1: Doença autoimune com deficiência absoluta de insulina, comum em crianças e adolescentes.","Autoimunidade progressiva reduz secreção de insulina, levando a hiperglicemia, catabolismo, perda ponderal e risco de cetoacidose. Manejo exige insulina, contagem de carboidratos e monitorização.

Conteúdo incorporado de Diabetes tipo 1: Destruição de células beta pancreáticas gera hiperglicemia, catabolismo e risco de cetose/CAD.","História familiar, outras autoimunidades, sintomas clássicos, infecções como gatilho de apresentação, baixa percepção de poliúria/polidipsia.

Conteúdo incorporado de Diabetes tipo 1: Idade de risco; prematuridade; doença crônica; imunossupressão; vacinação incompleta; exposição epidemiológica; atraso diagnóstico; vulnerabilidade social.","Poliúria, polidipsia, perda ponderal, polifagia, enurese secundária, fadiga, candidíase, visão turva. CAD: vômitos, dor abdominal, Kussmaul, hálito cetônico.

Conteúdo incorporado de Diabetes tipo 1: Variam conforme tema. Avaliar sempre febre, estado geral, respiração, hidratação, perfusão, dor, consciência, alimentação, diurese e sinais de alarme.","Glicemia casual ≥200 mg/dL com sintomas, glicemia jejum ≥126, HbA1c ≥6, 5% ou TOTG alterado. Avaliar cetonas, gasometria e eletrólitos se sintomático.

Poliúria, polidipsia, perda de peso, enurese secundária, candidíase, fadiga e glicemia elevada. Confirmar por glicemia plasmática/HbA1c conforme critérios, mas sintomas clássicos + glicemia casual >=200 mg/dL sustentam diagnóstico. Sempre checar cetona se sintomático.

Conteúdo incorporado de Diabetes tipo 1: Glicemia casual/jejum, HbA1c, cetonas se sintomático, gasometria se suspeita CAD. Autoanticorpos podem ajudar.","Se sem CAD, iniciar insulinoterapia basal-bolus, educação, plano alimentar e monitorização. Se cetose/acidemia, seguir protocolo de CAD.

PA: glicemia capilar, cetona, hidratação, eletrólitos se grave e descartar CAD. Ambulatório especializado se estável sem cetose importante; internar se diagnóstico novo com cetose, família sem treinamento ou sinais de CAD.

Conteúdo incorporado de Diabetes tipo 1: Avaliar cetose/acidose. Se sem CAD, iniciar insulinoterapia e educação. Se CAD, protocolo de emergência.","Insulina basal e prandial, correção, contagem de carboidratos, educação familiar/escolar, plano para hipoglicemia e dias de doença, rastreio de tireoide/celíaca conforme protocolo.

PA: glicemia capilar, cetona, hidratação, eletrólitos se grave e descartar CAD. Ambulatório especializado se estável sem cetose importante; internar se diagnóstico novo com cetose, família sem treinamento ou sinais de CAD.

Conteúdo incorporado de Diabetes tipo 1: Insulina basal-bolus, contagem de carboidratos, monitorização glicêmica, plano de hipoglicemia e educação familiar.","Dose diária inicial muitas vezes 0, 4-1, 0 U/kg/dia conforme idade/puberdade/cetose, dividida em basal e bolus. Hipoglicemia grave: glucagon conforme apresentação/peso. Individualizar com endocrinologia.

Insulina basal-bolus conforme fase puberal e peso; dose total diária inicial frequentemente 0, 4-1, 0 U/kg/dia, menor em lua de mel e maior na puberdade. Correção e relação insulina-carboidrato devem ser individualizadas. Glucagon para hipoglicemia grave conforme apresentação.

Conteúdo incorporado de Diabetes tipo 1: Insulina total diária inicial frequentemente 0, 5–1 U/kg/dia, individualizada. Basal ~40–50% e bolus restante conforme carboidratos/correção. ⚠️ Endocrinologia/protocolo.","DM2, MODY, hiperglicemia de estresse, diabetes secundário, CAD por DM1 novo, polidipsia psicogênica, diabetes insipidus.

Conteúdo incorporado de Diabetes tipo 1: DM2; MODY; hiperglicemia de estresse; CAD; infecção; hipertireoidismo.",Moderado/Alto,"diabetes tipo 1, dm1, poliuria, polidipsia, perda peso, insulina, hba1c, cetonas, hipoglicemia

Conteúdo incorporado de Diabetes tipo 1: dm1, diabetes, poliuria, polidipsia, perda peso, insulina, cetonas","Sintomático com vômitos, Kussmaul ou cetonas: avaliar CAD imediatamente. Hipoglicemia: carboidrato VO se consciente ou glucagon/EV se grave.

Se grave: ABCDE, sinais vitais, glicemia quando aplicável, acesso, suporte específico do protocolo e acionar especialista/UTI sem atrasar terapia tempo-dependente.

Conteúdo incorporado de Diabetes tipo 1: Se houver sinal de gravidade: ABCDE, monitorização, oxigênio se necessário, acesso venoso se instável, exames urgentes, tratamento específico e encaminhamento/internação.","Cetonemia, acidose, vômitos, desidratação, alteração mental, hipoglicemia grave, criança pequena sem suporte, perda ponderal importante.

Conteúdo incorporado de Diabetes tipo 1: Alteração de consciência; hipoxemia; dispneia; tiragem; cianose; choque; oligúria; convulsão; rigidez nucal; petéquias; dor intensa; desidratação; piora progressiva.","Diagnóstico novo com cetose/CAD, família sem treinamento, criança pequena, hipoglicemia recorrente, descompensação social ou clínica.

Diagnóstico novo com cetose, CAD, vômitos, desidratação, família sem treinamento, hipoglicemia grave ou vulnerabilidade social.

Conteúdo incorporado de Diabetes tipo 1: Sinais de gravidade; necessidade de oxigênio, medicação EV, hidratação EV, antibiótico EV, monitorização, suporte ventilatório, investigação urgente ou risco social.","CAD grave, alteração neurológica, choque, distúrbio eletrolítico grave, hipoglicemia refratária com rebaixamento.

CAD moderada/grave, alteração mental, choque, distúrbio potássico grave, edema cerebral suspeito ou necessidade de monitorização intensiva.

Conteúdo incorporado de Diabetes tipo 1: Cetoacidose diabética grave, rebaixamento, suspeita de edema cerebral, choque, distúrbio eletrolítico grave ou necessidade de infusão contínua monitorizada.","Tratar poliúria como ITU sem glicemia, iniciar insulina sem avaliar cetonas em sintomático, não orientar hipoglicemia/dias de doença.

Conteúdo incorporado de Diabetes tipo 1: Não calcular dose por peso; não reconhecer gravidade; atrasar antibiótico/oxigênio/hidratação; solicitar exame sem impacto; não reavaliar resposta.","Enurese nova pode ser DM1. Dor abdominal e vômitos podem ser CAD, não gastroenterite.

Enurese nova pode ser DM1. Não mandar para casa criança com cetose sem plano. Insulina nunca deve ser suspensa totalmente em doença intercurrente.

Conteúdo incorporado de Diabetes tipo 1: TEP costuma cobrar sinais de gravidade, diferenciais, indicação de exames e conduta inicial. Não tratar achado isolado sem contexto clínico.","Poliúria + polidipsia + perda de peso = glicemia capilar na hora.

Conteúdo incorporado de Diabetes tipo 1: Pense sempre: idade, gravidade, exame que confirma, conduta inicial e pegadinha clássica.","DM1 é deficiência de insulina: diagnosticar cedo, excluir CAD e iniciar educação/insulina.

Conteúdo incorporado de Diabetes tipo 1: Doença autoimune com deficiência absoluta de insulina, comum em crianças e adolescentes. A prioridade é reconhecer gravidade, confirmar diagnóstico com exames adequados e iniciar conduta proporcional ao risco.","Sintomas -> glicemia -> cetonas/gasometria se risco -> CAD? protocolo -> sem CAD: basal-bolus + educação.

Sintomas + glicemia alta -> cetona/gasometria se grave -> CAD? protocolo -> sem CAD: iniciar insulina, educação, plano alimentar e seguimento.

Conteúdo incorporado de Diabetes tipo 1: Suspeita clínica
↓
Avaliar ABCDE e gravidade
↓
Solicitar exames dirigidos
↓
Classificar risco
↓
Iniciar tratamento específico
↓
Reavaliar resposta
↓
Internar/encaminhar se sinais de gravidade","1. Suspeitar. 2. Glicemia. 3. Cetonas. 4. Classificar CAD. 5. Insulina. 6. Educação e seguimento.

1. Classificar gravidade. 2. Confirmar critérios diagnósticos. 3. Checar dose por peso quando houver medicação. 4. Decidir ambulatório/enfermaria/UTI. 5. Orientar retorno e seguimento.

Conteúdo incorporado de Diabetes tipo 1: 1. Identificar hipótese principal.
2. Procurar sinais de gravidade.
3. Solicitar exames que mudam conduta.
4. Tratar por peso/protocolo.
5. Reavaliar e escalar cuidado.","Sintomas: poliúria/polidipsia/perda peso. Tratamento: insulina. Emergência: CAD/hipoglicemia.

Situação|Pista|Conduta
DM1 novo estável|Hiperglicemia sem acidose|Educação + insulina SC
Cetose sem acidose|Cetonemia, pH normal|Hidratar + insulina + observar
CAD|Acidose/cetose|Protocolo EV/UTI ou unidade treinada
Hipoglicemia|Sintomas/neuroglicopenia|Carboidrato ou glucagon

Conteúdo incorporado de Diabetes tipo 1: Leve: bom estado geral e sem sinais sistêmicos.
Moderado: precisa exames, observação ou tratamento específico.
Grave: hipoxemia, choque, alteração neurológica, desidratação, falha terapêutica ou risco de complicação.","Usar HbA1c e tempo no alvo no seguimento; gravidade aguda por cetose/acidose.

Conteúdo incorporado de Diabetes tipo 1: Usar parâmetros específicos quando aplicável: SatO2, FR por idade, PRAM, Glasgow, Tanner, IMC por idade, curvas de crescimento, exames laboratoriais e critérios clínicos.","Glicemia | Cetonas | Gasometria se sintomas | K | Insulina | Hipoglicemia | Escola | Autoimunidade | Retorno

Idade | Peso | Sinais vitais | Gravidade | Diagnóstico diferencial | Dose por kg | Critério internação | Critério UTI | Orientação de retorno | Seguimento

Conteúdo incorporado de Diabetes tipo 1: ☑ ABCDE
☑ Sinais vitais
☑ SatO2 quando respiratório
☑ Hidratação/perfusão
☑ Exames dirigidos
☑ Dose por peso
☑ Critérios de internação
☑ Reavaliação","DM1 é diagnóstico que não pode esperar. Uma glicemia capilar em criança com enurese nova e perda de peso evita apresentação em CAD.

Complemento bibliográfico: conteúdo revisado à luz do Nelson/Tratado SBP e documentos SBP/MS priorizados para TEP; manter foco em idade, gravidade, exceções, doses por peso, critérios de internação/UTI e pegadinhas de prova.

Complemento Bloco 3: este tema deve ser estudado como decisão prática: reconhecer a apresentação típica, achar o detalhe que muda gravidade, calcular dose quando existir e saber quando o ambulatório deixou de ser seguro.

Conteúdo incorporado de Diabetes tipo 1: Diabetes tipo 1 deve ser estudado como protocolo clínico, não apenas como conceito. O raciocínio começa pela gravidade, passa pela confirmação diagnóstica e termina na conduta com dose por peso, reavaliação e critérios de internação.

Complemento bibliográfico: conteúdo revisado à luz do Nelson/Tratado SBP e documentos SBP/MS priorizados para TEP; manter foco em idade, gravidade, exceções, doses por peso, critérios de internação/UTI e pegadinhas de prova.","Tratado de Pediatria SBP 6ª edição. docx: : Base local analisada: pediatria geral, crescimento, DNPM, imunizações, neonatologia, icterícia, suplementação, telas e temas estratégicos para TEP. | Livro Nelson. docx: : Base local analisada: panorama da pediatria, desenvolvimento, comportamento, nutrição, fluidoterapia, farmacologia e segurança da prescrição pediátrica. | SBP - Questões comentadas TEP: : Usado para orientar estilo de cobrança, pegadinhas e forma de raciocínio, sem reprodução literal de questões.: :https://www.sbp.com.br/concursos-de-titulos/questoes-comentadas/

SBP - materiais científicos e questões comentadas TEP: https://www.sbp.com.br/concursos-de-titulos/questoes-comentadas/ | Ministério da Saúde - Caderneta da Criança: https://www.gov.br/saude/pt-br/assuntos/saude-de-a-a-z/s/saude-da-crianca/caderneta | AHA Kawasaki Scientific Statement: https://www.ahajournals.org/doi/10.1161/CIR.0000000000000484 | KDIGO Glomerular Diseases Guidelines: https://kdigo.org/guidelines/gd/ | ISPAD Pediatric Diabetes Guidelines: https://www.ispad.org/ | AAP Autism Clinical Report: https://publications.aap.org/pediatrics/article/145/1/e20193447/36917/Identification-Evaluation-and-Management-of | AAP Obesity Clinical Practice Guideline 2023 | NASPGHAN/ESPGHAN Constipation Guideline | WHO Breastfeeding and Infant Feeding Guidance","Qual é o conceito central?::DM1 é deficiência de insulina: diagnosticar cedo, excluir CAD e iniciar educação/insulina.|Qual sinal de gravidade não pode ser perdido?::Cetonemia.|Qual é a principal pegadinha TEP?::Enurese nova pode ser DM1. Dor abdominal e vômitos podem ser CAD, não gastroenterite.|Qual erro comum deve ser evitado?::Tratar poliúria como ITU sem glicemia.|Quando internar?::Diagnóstico novo com cetose/CAD, família sem treinamento, criança pequena, hipoglicemia recorrente, descompensação social ou clínica.|Quando considerar UTI?::CAD grave, alteração neurológica, choque, distúrbio eletrolítico grave, hipoglicemia refratária com rebaixamento.|Qual conduta de emergência?::Sintomático com vômitos, Kussmaul ou cetonas: avaliar CAD imediatamente. Hipoglicemia: carboidrato VO se consciente ou glucagon/EV se grave.|Qual checklist mental?::Glicemia | Cetonas | Gasometria se sintomas | K | Insulina | Hipoglicemia | Escola | Autoimunidade | Retorno

Conteúdo incorporado de Diabetes tipo 1: Diabetes tipo 1: primeiro passo?::Avaliar gravidade e sinais de alarme.
O que define conduta?::Idade, gravidade, exames e resposta ao tratamento.","DM1 é deficiência de insulina: diagnosticar cedo, excluir CAD e iniciar educação/insulina.

Qual é a melhor conduta inicial diante de um caso típico com sinais de gravidade?
A) Alta sem reavaliação
B) Conduta guiada por gravidade, conforme protocolo clínico
C) Tratar apenas sintomas e ignorar sinais de alarme
D) Aguardar piora para investigar
Resposta correta: B
Explicação: Em Diabetes mellitus tipo 1, a decisão segura depende de reconhecer o padrão clínico, classificar gravidade e aplicar a conduta adequada: Sintomático com vômitos, Kussmaul ou cetonas: avaliar CAD imediatamente. Hipoglicemia: carboidrato VO se consciente ou glucagon/EV se grave.

Conteúdo incorporado de Diabetes tipo 1: Paciente pediátrico apresenta quadro compatível com Diabetes tipo 1. Qual é a melhor abordagem inicial?
A) Alta imediata
B) Avaliar gravidade, solicitar exames dirigidos e tratar conforme protocolo
C) Aguardar evolução sem orientação
D) Tratar todos os casos igual. Resposta: B.
Resposta correta: B
Explicação: Em Diabetes tipo 1, a alternativa segura é avaliar gravidade, reconhecer sinais de alarme, solicitar exames dirigidos quando indicados e tratar conforme protocolo. Alta imediata, tratamento sem avaliação de gravidade ou espera passiva diante de sinais de risco são condutas inadequadas para prova e prática clínica.",false,0,0,0,,
Doença de Kawasaki,Cardiologia,5,"Vasculite sistêmica de médios vasos, típica de crianças pequenas, com risco de aneurismas coronarianos quando não tratada precocemente.

Complemento Bloco 3: vasculite sistêmica aguda de médios vasos, típica de lactentes e pré-escolares, cuja prioridade é prevenir lesão coronariana com diagnóstico clínico rápido, IVIG precoce e seguimento ecocardiográfico.

Conteúdo incorporado de Kawasaki: Vasculite sistêmica da infância com predileção por artérias coronárias, podendo causar aneurismas.","Inflamação vascular imunomediada afeta artérias coronárias e outros vasos. A janela terapêutica com imunoglobulina reduz complicações coronarianas, especialmente quando feita até o 10º dia.

Conteúdo incorporado de Kawasaki: Inflamação vascular imune acomete vasos de médio calibre; atraso terapêutico aumenta risco coronariano.","Idade <5 anos, sexo masculino, ascendência asiática, febre prolongada, lactentes com apresentação incompleta, marcadores inflamatórios elevados.

Conteúdo incorporado de Kawasaki: Idade de risco; prematuridade; doença crônica; imunossupressão; vacinação incompleta; exposição epidemiológica; atraso diagnóstico; vulnerabilidade social.","Febre ≥5 dias associada a conjuntivite bilateral não purulenta, alterações orais, exantema, edema/eritema de extremidades, linfonodo cervical. Pode haver irritabilidade, dor abdominal, artrite e descamação tardia.

Conteúdo incorporado de Kawasaki: Variam conforme tema. Avaliar sempre febre, estado geral, respiração, hidratação, perfusão, dor, consciência, alimentação, diurese e sinais de alarme.","Clínico; considerar forma incompleta em lactentes com febre prolongada e inflamação. Solicitar hemograma, PCR/VHS, albumina, TGO/TGP, urina, ecocardiograma e ECG conforme disponibilidade.

Febre por pelo menos 5 dias com critérios mucocutâneos; considerar Kawasaki incompleto em lactente com febre prolongada, inflamação elevada, anemia, hipoalbuminemia, plaquetose tardia ou alteração coronariana. Ecocardiograma normal inicial não exclui.

Conteúdo incorporado de Kawasaki: Febre ≥5 dias + critérios clínicos. Solicitar hemograma, PCR/VHS, ALT, albumina, urina tipo 1, plaquetas, ecocardiograma. Considerar Kawasaki incompleto com inflamação elevada.","Suspeitar cedo, internar para avaliação, iniciar tratamento se critérios completos ou incompletos com suporte laboratorial/ecocardiográfico. Acionar cardiologia pediátrica.

PA/enfermaria: internar suspeita relevante, colher inflamatórios, hemograma, albumina, transaminases, urina, ECG/eco e iniciar IVIG se critérios completos ou incompletos sustentados. UTI se choque, miocardite, arritmia ou MIS-C grave no diferencial.

Conteúdo incorporado de Kawasaki: Internar/encaminhar se suspeita. Tratar precocemente com IVIG e AAS; eco inicial e seguimento cardiológico.","Imunoglobulina IV e AAS conforme fase/risco. Corticoide ou biológico em alto risco ou refratário conforme especialista. Seguimento com ecocardiograma seriado.

PA/enfermaria: internar suspeita relevante, colher inflamatórios, hemograma, albumina, transaminases, urina, ECG/eco e iniciar IVIG se critérios completos ou incompletos sustentados. UTI se choque, miocardite, arritmia ou MIS-C grave no diferencial.

Conteúdo incorporado de Kawasaki: IVIG 2 g/kg dose única. AAS em dose anti-inflamatória/antiagregante conforme fase e protocolo. Corticoide/biológico em refratários selecionados.","IVIG 2 g/kg IV dose única. AAS anti-inflamatório em fase aguda conforme protocolo e depois dose antiagregante 3-5 mg/kg/dia quando afebril. Confirmar dose local e risco de influenza/varicela.

IVIG 2 g/kg EV em dose única idealmente até o 10º dia, sem atrasar se alto risco após esse período. AAS em dose anti-inflamatória na fase aguda conforme protocolo, depois antiagregante 3-5 mg/kg/dia quando afebril. Corticoide/biológico se alto risco ou refratário com especialista.

Conteúdo incorporado de Kawasaki: IVIG 2 g/kg EV dose única. AAS 30–50 mg/kg/dia ou 80–100 mg/kg/dia na fase aguda conforme protocolo; depois 3–5 mg/kg/dia antiagregante. ⚠️ Protocolo local.","MIS-C, escarlatina, adenovirose, sarampo, reação medicamentosa, síndrome do choque tóxico, artrite idiopática juvenil sistêmica.

Conteúdo incorporado de Kawasaki: Escarlatina; adenovírus; sarampo; MIS-C; síndrome do choque tóxico; farmacodermia; AIJ sistêmica.",Alto,"kawasaki, febre prolongada, conjuntivite, exantema, coronaria, ivig, aas, linfonodo, descamacao

Conteúdo incorporado de Kawasaki: kawasaki, febre prolongada, conjuntivite, lingua morango, coronaria, ivig, aas, eco","Criança com febre prolongada e sinais mucocutâneos: avaliar critérios, colher inflamatórios, ecocardiograma, internar e iniciar IVIG se indicado sem atrasar por eco indisponível quando suspeita forte.

Se grave: ABCDE, sinais vitais, glicemia quando aplicável, acesso, suporte específico do protocolo e acionar especialista/UTI sem atrasar terapia tempo-dependente.

Conteúdo incorporado de Kawasaki: Se houver sinal de gravidade: ABCDE, monitorização, oxigênio se necessário, acesso venoso se instável, exames urgentes, tratamento específico e encaminhamento/internação.","Lactente <6 meses, choque, miocardite, alterações coronarianas, PCR muito elevada, hipoalbuminemia, anemia, plaquetose tardia, refratariedade à IVIG.

Conteúdo incorporado de Kawasaki: Alteração de consciência; hipoxemia; dispneia; tiragem; cianose; choque; oligúria; convulsão; rigidez nucal; petéquias; dor intensa; desidratação; piora progressiva.","Suspeita diagnóstica para investigação/tratamento, febre persistente, Kawasaki incompleto, alterações laboratoriais importantes ou necessidade de IVIG.

Suspeita diagnóstica relevante, necessidade de IVIG, forma incompleta em investigação, alterações cardíacas, febre persistente ou alto risco social.

Conteúdo incorporado de Kawasaki: Sinais de gravidade; necessidade de oxigênio, medicação EV, hidratação EV, antibiótico EV, monitorização, suporte ventilatório, investigação urgente ou risco social.","Choque, miocardite, disfunção ventricular, arritmia, instabilidade hemodinâmica, MIS-C grave no diferencial.

Choque, miocardite, disfunção ventricular, arritmia, hipotensão, necessidade vasoativa ou MIS-C grave.

Conteúdo incorporado de Kawasaki: Choque, miocardite, disfunção ventricular, arritmia, hipotensão, necessidade de vasoativo, alteração coronariana grave ou suspeita de MIS-C grave.","Esperar todos os critérios clássicos, não pensar em Kawasaki incompleto no lactente, atrasar IVIG, não pedir/seguir ecocardiograma.

Conteúdo incorporado de Kawasaki: Não calcular dose por peso; não reconhecer gravidade; atrasar antibiótico/oxigênio/hidratação; solicitar exame sem impacto; não reavaliar resposta.","Febre prolongada com conjuntivite e boca alterada não é sempre virose. Kawasaki incompleto é o que mais perde coronária.

Não esperar todos os critérios no mesmo dia; lactente pequeno faz forma incompleta e perde coronária. Febre que persiste 36h após IVIG sugere refratariedade.

Conteúdo incorporado de Kawasaki: TEP costuma cobrar sinais de gravidade, diferenciais, indicação de exames e conduta inicial. Não tratar achado isolado sem contexto clínico.","Febre ≥5 dias + sinais mucocutâneos = pensar Kawasaki e proteger coronárias.

Conteúdo incorporado de Kawasaki: Pense sempre: idade, gravidade, exame que confirma, conduta inicial e pegadinha clássica.","Kawasaki é vasculite febril pediátrica: reconhecer cedo, tratar com IVIG e acompanhar coronárias.

Conteúdo incorporado de Kawasaki: Vasculite sistêmica da infância com predileção por artérias coronárias, podendo causar aneurismas. A prioridade é reconhecer gravidade, confirmar diagnóstico com exames adequados e iniciar conduta proporcional ao risco.","Febre prolongada -> critérios clínicos -> completo ou incompleto com inflamação -> internar -> IVIG/AAS -> eco seriado.

Febre prolongada -> critérios clínicos -> completo? IVIG/AAS/eco -> incompleto? labs inflamatórios + eco -> sustenta? tratar -> choque/MIS-C? UTI.

Conteúdo incorporado de Kawasaki: Suspeita clínica
↓
Avaliar ABCDE e gravidade
↓
Solicitar exames dirigidos
↓
Classificar risco
↓
Iniciar tratamento específico
↓
Reavaliar resposta
↓
Internar/encaminhar se sinais de gravidade","1. Suspeitar. 2. Avaliar critérios. 3. Labs inflamatórios. 4. Eco. 5. IVIG. 6. Seguimento cardiológico.

1. Classificar gravidade. 2. Confirmar critérios diagnósticos. 3. Checar dose por peso quando houver medicação. 4. Decidir ambulatório/enfermaria/UTI. 5. Orientar retorno e seguimento.

Conteúdo incorporado de Kawasaki: 1. Identificar hipótese principal.
2. Procurar sinais de gravidade.
3. Solicitar exames que mudam conduta.
4. Tratar por peso/protocolo.
5. Reavaliar e escalar cuidado.","Febre, conjuntivite, boca, exantema, extremidades, linfonodo. Complicação: coronária. Tratamento: IVIG.

Achado|Kawasaki clássico|Kawasaki incompleto|MIS-C
Febre|Prolongada|Prolongada, poucos critérios|Prolongada, pós-Covid
Mucosa/pele|Típico|Parcial|Variável
Coronária|Risco central|Pode ser pista|Pode alterar
Choque|Menos comum|Possível|Mais comum
Tratamento|IVIG + AAS|IVIG se algoritmo sustenta|Imuno + suporte

Conteúdo incorporado de Kawasaki: Leve: bom estado geral e sem sinais sistêmicos.
Moderado: precisa exames, observação ou tratamento específico.
Grave: hipoxemia, choque, alteração neurológica, desidratação, falha terapêutica ou risco de complicação.","Não há score único; usar algoritmo de Kawasaki incompleto e avaliação cardiológica.

Conteúdo incorporado de Kawasaki: Usar parâmetros específicos quando aplicável: SatO2, FR por idade, PRAM, Glasgow, Tanner, IMC por idade, curvas de crescimento, exames laboratoriais e critérios clínicos.","Febre dias | Conjuntivite | Boca | Exantema | Extremidades | Linfonodo | PCR/VHS | Eco | IVIG | Seguimento

Idade | Peso | Sinais vitais | Gravidade | Diagnóstico diferencial | Dose por kg | Critério internação | Critério UTI | Orientação de retorno | Seguimento

Conteúdo incorporado de Kawasaki: ☑ ABCDE
☑ Sinais vitais
☑ SatO2 quando respiratório
☑ Hidratação/perfusão
☑ Exames dirigidos
☑ Dose por peso
☑ Critérios de internação
☑ Reavaliação","O objetivo no Kawasaki é não perder a janela coronariana. A criança pode não ter todos os sinais no mesmo dia; reexaminar e valorizar lactentes muda desfecho.

Complemento bibliográfico: conteúdo revisado à luz do Nelson/Tratado SBP e documentos SBP/MS priorizados para TEP; manter foco em idade, gravidade, exceções, doses por peso, critérios de internação/UTI e pegadinhas de prova.

Complemento Bloco 3: este tema deve ser estudado como decisão prática: reconhecer a apresentação típica, achar o detalhe que muda gravidade, calcular dose quando existir e saber quando o ambulatório deixou de ser seguro.

Conteúdo incorporado de Kawasaki: Kawasaki deve ser estudado como protocolo clínico, não apenas como conceito. O raciocínio começa pela gravidade, passa pela confirmação diagnóstica e termina na conduta com dose por peso, reavaliação e critérios de internação.

Complemento bibliográfico: conteúdo revisado à luz do Nelson/Tratado SBP e documentos SBP/MS priorizados para TEP; manter foco em idade, gravidade, exceções, doses por peso, critérios de internação/UTI e pegadinhas de prova.","Tratado de Pediatria SBP 6ª edição. docx: : Base local analisada: pediatria geral, crescimento, DNPM, imunizações, neonatologia, icterícia, suplementação, telas e temas estratégicos para TEP. | Livro Nelson. docx: : Base local analisada: panorama da pediatria, desenvolvimento, comportamento, nutrição, fluidoterapia, farmacologia e segurança da prescrição pediátrica. | SBP - Questões comentadas TEP: : Usado para orientar estilo de cobrança, pegadinhas e forma de raciocínio, sem reprodução literal de questões.: :https://www.sbp.com.br/concursos-de-titulos/questoes-comentadas/

SBP - materiais científicos e questões comentadas TEP: https://www.sbp.com.br/concursos-de-titulos/questoes-comentadas/ | Ministério da Saúde - Caderneta da Criança: https://www.gov.br/saude/pt-br/assuntos/saude-de-a-a-z/s/saude-da-crianca/caderneta | AHA Kawasaki Scientific Statement: https://www.ahajournals.org/doi/10.1161/CIR.0000000000000484 | KDIGO Glomerular Diseases Guidelines: https://kdigo.org/guidelines/gd/ | ISPAD Pediatric Diabetes Guidelines: https://www.ispad.org/ | AAP Autism Clinical Report: https://publications.aap.org/pediatrics/article/145/1/e20193447/36917/Identification-Evaluation-and-Management-of | AAP Obesity Clinical Practice Guideline 2023 | NASPGHAN/ESPGHAN Constipation Guideline | WHO Breastfeeding and Infant Feeding Guidance","Qual é o conceito central?::Kawasaki é vasculite febril pediátrica: reconhecer cedo, tratar com IVIG e acompanhar coronárias.|Qual sinal de gravidade não pode ser perdido?::Lactente <6 meses.|Qual é a principal pegadinha TEP?::Febre prolongada com conjuntivite e boca alterada não é sempre virose. Kawasaki incompleto é o que mais perde coronária.|Qual erro comum deve ser evitado?::Esperar todos os critérios clássicos.|Quando internar?::Suspeita diagnóstica para investigação/tratamento, febre persistente, Kawasaki incompleto, alterações laboratoriais importantes ou necessidade de IVIG.|Quando considerar UTI?::Choque, miocardite, disfunção ventricular, arritmia, instabilidade hemodinâmica, MIS-C grave no diferencial.|Qual conduta de emergência?::Criança com febre prolongada e sinais mucocutâneos: avaliar critérios, colher inflamatórios, ecocardiograma, internar e iniciar IVIG se indicado sem atrasar por eco indisponível quando suspeita forte.|Qual checklist mental?::Febre dias | Conjuntivite | Boca | Exantema | Extremidades | Linfonodo | PCR/VHS | Eco | IVIG | Seguimento

Conteúdo incorporado de Kawasaki: Kawasaki: primeiro passo?::Avaliar gravidade e sinais de alarme.
O que define conduta?::Idade, gravidade, exames e resposta ao tratamento.","Kawasaki é vasculite febril pediátrica: reconhecer cedo, tratar com IVIG e acompanhar coronárias.

Qual é a melhor conduta inicial diante de um caso típico com sinais de gravidade?
A) Alta sem reavaliação
B) Conduta guiada por gravidade, conforme protocolo clínico
C) Tratar apenas sintomas e ignorar sinais de alarme
D) Aguardar piora para investigar
Resposta correta: B
Explicação: Em Doença de Kawasaki, a decisão segura depende de reconhecer o padrão clínico, classificar gravidade e aplicar a conduta adequada: Criança com febre prolongada e sinais mucocutâneos: avaliar critérios, colher inflamatórios, ecocardiograma, internar e iniciar IVIG se indicado sem atrasar por eco indisponível quando suspeita forte.

Conteúdo incorporado de Kawasaki: Paciente pediátrico apresenta quadro compatível com Kawasaki. Qual é a melhor abordagem inicial?
A) Alta imediata
B) Avaliar gravidade, solicitar exames dirigidos e tratar conforme protocolo
C) Aguardar evolução sem orientação
D) Tratar todos os casos igual. Resposta: B.
Resposta correta: B
Explicação: Em Kawasaki, a alternativa segura é avaliar gravidade, reconhecer sinais de alarme, solicitar exames dirigidos quando indicados e tratar conforme protocolo. Alta imediata, tratamento sem avaliação de gravidade ou espera passiva diante de sinais de risco são condutas inadequadas para prova e prática clínica.",false,0,0,0,,
